exploit_type,exp_part,files,catch_any,tp,fp,tn,fn,recall,precision
Access Control,train,50,0.8,1073,9487,505149,240,0.8172124904798173,0.10160984848484848
Access Control,validation,15,0.4666666666666667,220,815,61237,25,0.8979591836734694,0.21256038647342995
Flash Loan Attack,train,18,0.8888888888888888,16,232,70335,19,0.45714285714285713,0.06451612903225806
Flash Loan Attack,validation,5,0.8,47,225,35968,37,0.5595238095238095,0.17279411764705882
Phishing,train,16,0.1875,3,117,8328,29,0.09375,0.025
Phishing,validation,5,0.0,0,11,1230,5,0.0,0.0
Price Manupilation,train,5,1.0,5,5,653,0,1.0,0.5
Price Manupilation,validation,1,0.0,0,7,589,1,0.0,0.0
Re-Entrancy,train,2,0.5,1,1,1105,6,0.14285714285714285,0.5
Rug pull,train,23,0.5217391304347826,167,417,53508,144,0.5369774919614148,0.285958904109589
Rug pull,validation,7,0.2857142857142857,2,0,12325,11,0.15384615384615385,1.0
